permutation_id,mean_mismatch_cosine_similarity
1,0.174130
2,0.197444
3,0.230925
4,0.205155
5,0.192774
6,0.163200
7,0.213122
8,0.178365
9,0.180056
10,0.205105
11,0.240116
12,0.223478
13,0.196541
14,0.199144
15,0.220050
16,0.212147
17,0.187196
18,0.191892
19,0.211479
20,0.225374
21,0.208824
22,0.232175
23,0.208037
24,0.232686
25,0.213644
26,0.234758
27,0.188280
28,0.179607
29,0.207087
30,0.225272
31,0.258652
32,0.171910
33,0.203613
34,0.220040
35,0.223207
36,0.210841
37,0.176491
38,0.180901
39,0.235091
40,0.187364
41,0.208688
42,0.192301
43,0.161970
44,0.144496
45,0.159983
46,0.227612
47,0.211703
48,0.247936
49,0.208042
50,0.252540
51,0.192597
52,0.231288
53,0.230550
54,0.205716
55,0.194526
56,0.187532
57,0.192489
58,0.250087
59,0.172151
60,0.170836
61,0.157971
62,0.244063
63,0.176466
64,0.234426
65,0.198618
66,0.183015
67,0.246449
68,0.182716
69,0.234382
70,0.163814
71,0.222070
72,0.192764
73,0.206086
74,0.190032
75,0.164882
76,0.177070
77,0.179203
78,0.208339
79,0.188895
80,0.210347
81,0.218497
82,0.234553
83,0.219896
84,0.189550
85,0.210243
86,0.173686
87,0.205083
88,0.210578
89,0.183693
90,0.243865
91,0.179528
92,0.237956
93,0.181807
94,0.278879
95,0.181368
96,0.209910
97,0.221810
98,0.224173
99,0.205804
100,0.233109
101,0.259340
102,0.231704
103,0.231521
104,0.202311
105,0.192311
106,0.185353
107,0.152894
108,0.205513
109,0.170807
110,0.223458
111,0.221297
112,0.194648
113,0.171814
114,0.179516
115,0.238285
116,0.202527
117,0.222542
118,0.241333
119,0.202619
120,0.204136
121,0.222065
122,0.204849
123,0.174449
124,0.157795
125,0.186090
126,0.193931
127,0.213853
128,0.198722
129,0.219218
130,0.198499
131,0.212293
132,0.218445
133,0.271706
134,0.211771
135,0.206816
136,0.216887
137,0.193077
138,0.213826
139,0.179490
140,0.166310
141,0.180090
142,0.211264
143,0.226369
144,0.183356
145,0.214029
146,0.220868
147,0.204791
148,0.233563
149,0.182594
150,0.186395
151,0.189201
152,0.208320
153,0.178237
154,0.218237
155,0.228594
156,0.219269
157,0.180504
158,0.246586
159,0.228201
160,0.257638
161,0.204400
162,0.230240
163,0.193462
164,0.191373
165,0.243022
166,0.249993
167,0.214670
168,0.217294
169,0.231119
170,0.199413
171,0.209925
172,0.174405
173,0.191066
174,0.217335
175,0.238734
176,0.215528
177,0.206680
178,0.190707
179,0.236787
180,0.236828
181,0.245336
182,0.223012
183,0.208371
184,0.206615
185,0.202722
186,0.206136
187,0.176868
188,0.206753
189,0.190293
190,0.226604
191,0.187048
192,0.236891
193,0.173152
194,0.194549
195,0.210203
196,0.239421
197,0.200466
198,0.224064
199,0.257520
200,0.227055
201,0.194166
202,0.173975
203,0.183729
204,0.244678
205,0.149950
206,0.230203
207,0.199448
208,0.235234
209,0.185391
210,0.223882
211,0.229209
212,0.186405
213,0.175513
214,0.161848
215,0.204689
216,0.220130
217,0.223972
218,0.243316
219,0.218474
220,0.182368
221,0.263318
222,0.234760
223,0.228882
224,0.204304
225,0.209768
226,0.226128
227,0.208455
228,0.170803
229,0.214427
230,0.181032
231,0.160273
232,0.257803
233,0.191954
234,0.200157
235,0.194805
236,0.191356
237,0.190078
238,0.188950
239,0.197872
240,0.207092
241,0.209682
242,0.188418
243,0.169400
244,0.215590
245,0.209211
246,0.191774
247,0.217775
248,0.218409
249,0.164332
250,0.193079
251,0.196391
252,0.200661
253,0.216153
254,0.160351
255,0.165200
256,0.173222
257,0.250809
258,0.186633
259,0.245737
260,0.147842
261,0.213222
262,0.237137
263,0.246574
264,0.202945
265,0.238427
266,0.192136
267,0.236565
268,0.200375
269,0.154551
270,0.204434
271,0.234855
272,0.210897
273,0.232510
274,0.174310
275,0.214645
276,0.156950
277,0.204800
278,0.268415
279,0.239521
280,0.211716
281,0.215282
282,0.183183
283,0.203588
284,0.199753
285,0.197784
286,0.204540
287,0.202833
288,0.210734
289,0.208952
290,0.209323
291,0.185417
292,0.181501
293,0.198769
294,0.215050
295,0.239092
296,0.198816
297,0.214915
298,0.196513
299,0.213850
300,0.217670
301,0.229521
302,0.196068
303,0.151022
304,0.234631
305,0.166829
306,0.162906
307,0.214381
308,0.194958
309,0.194230
310,0.213524
311,0.201874
312,0.248724
313,0.254612
314,0.170709
315,0.214052
316,0.207613
317,0.186824
318,0.217153
319,0.200135
320,0.212671
321,0.194965
322,0.246059
323,0.244440
324,0.201511
325,0.211342
326,0.159600
327,0.216957
328,0.175813
329,0.206357
330,0.238887
331,0.192843
332,0.174882
333,0.229575
334,0.184905
335,0.224128
336,0.191641
337,0.205237
338,0.214125
339,0.169777
340,0.218426
341,0.177717
342,0.186821
343,0.219806
344,0.171187
345,0.214898
346,0.226228
347,0.239593
348,0.173040
349,0.253135
350,0.239093
351,0.183489
352,0.223933
353,0.207298
354,0.190440
355,0.176102
356,0.180328
357,0.207210
358,0.197396
359,0.158851
360,0.175995
361,0.201484
362,0.198815
363,0.208138
364,0.235242
365,0.206714
366,0.201450
367,0.149793
368,0.221722
369,0.177331
370,0.167481
371,0.207636
372,0.204897
373,0.209436
374,0.192101
375,0.228582
376,0.196726
377,0.182984
378,0.227219
379,0.164301
380,0.196360
381,0.232529
382,0.242178
383,0.180686
384,0.208451
385,0.222929
386,0.212243
387,0.205234
388,0.239058
389,0.284285
390,0.210896
391,0.185190
392,0.179871
393,0.207803
394,0.232816
395,0.183098
396,0.242348
397,0.150012
398,0.227285
399,0.223608
400,0.199925
401,0.206864
402,0.157792
403,0.189065
404,0.205659
405,0.169439
406,0.243558
407,0.229131
408,0.215576
409,0.231040
410,0.242819
411,0.195881
412,0.200594
413,0.221416
414,0.165056
415,0.243294
416,0.227452
417,0.223508
418,0.184181
419,0.269638
420,0.191485
421,0.222446
422,0.220952
423,0.313748
424,0.225229
425,0.235032
426,0.224767
427,0.215044
428,0.190417
429,0.219030
430,0.240018
431,0.193738
432,0.195091
433,0.189482
434,0.178898
435,0.252793
436,0.216934
437,0.193618
438,0.166779
439,0.196394
440,0.198330
441,0.166505
442,0.193739
443,0.204795
444,0.152300
445,0.211172
446,0.204153
447,0.235258
448,0.178083
449,0.211884
450,0.193195
451,0.205139
452,0.223851
453,0.199383
454,0.180824
455,0.239184
456,0.214686
457,0.205243
458,0.178786
459,0.223488
460,0.215721
461,0.211877
462,0.190153
463,0.188811
464,0.198678
465,0.200554
466,0.201888
467,0.207373
468,0.209584
469,0.212458
470,0.210842
471,0.197434
472,0.239858
473,0.172022
474,0.192415
475,0.211882
476,0.189287
477,0.177065
478,0.179028
479,0.189368
480,0.224519
481,0.162313
482,0.239298
483,0.168220
484,0.184612
485,0.177604
486,0.181360
487,0.180285
488,0.231675
489,0.196601
490,0.200638
491,0.199844
492,0.190047
493,0.207001
494,0.188950
495,0.208730
496,0.200545
497,0.194513
498,0.192381
499,0.214741
500,0.175450
501,0.229473
502,0.205767
503,0.214385
504,0.227550
505,0.236993
506,0.238384
507,0.211736
508,0.204263
509,0.177798
510,0.203672
511,0.205607
512,0.174988
513,0.192605
514,0.196826
515,0.189274
516,0.197552
517,0.209397
518,0.216152
519,0.204332
520,0.202600
521,0.213513
522,0.235371
523,0.187600
524,0.221475
525,0.230031
526,0.209699
527,0.195983
528,0.188782
529,0.221338
530,0.222585
531,0.210576
532,0.210144
533,0.241532
534,0.237373
535,0.144109
536,0.233233
537,0.186196
538,0.192339
539,0.224851
540,0.204481
541,0.218218
542,0.158048
543,0.179917
544,0.193981
545,0.166401
546,0.220900
547,0.227470
548,0.230427
549,0.189505
550,0.183513
551,0.181661
552,0.253732
553,0.200130
554,0.166097
555,0.215515
556,0.197663
557,0.205255
558,0.200497
559,0.233382
560,0.238243
561,0.211566
562,0.263911
563,0.215883
564,0.184433
565,0.200177
566,0.189480
567,0.194158
568,0.212014
569,0.182653
570,0.220001
571,0.194262
572,0.176180
573,0.228624
574,0.208559
575,0.208452
576,0.194710
577,0.163288
578,0.173465
579,0.163145
580,0.210310
581,0.232500
582,0.219618
583,0.207256
584,0.175640
585,0.198576
586,0.168092
587,0.216188
588,0.254867
589,0.238213
590,0.177981
591,0.167323
592,0.240350
593,0.173492
594,0.191760
595,0.178084
596,0.179007
597,0.222658
598,0.191228
599,0.155912
600,0.162754
601,0.167393
602,0.214727
603,0.169092
604,0.215912
605,0.158275
606,0.207890
607,0.184137
608,0.176080
609,0.191622
610,0.177436
611,0.217411
612,0.193156
613,0.263638
614,0.192047
615,0.255555
616,0.201257
617,0.189344
618,0.221314
619,0.197649
620,0.213008
621,0.242916
622,0.199214
623,0.196092
624,0.242014
625,0.224860
626,0.229743
627,0.177486
628,0.268706
629,0.211637
630,0.203834
631,0.250807
632,0.222882
633,0.213391
634,0.199888
635,0.234713
636,0.175275
637,0.195544
638,0.193440
639,0.185162
640,0.204136
641,0.225050
642,0.194924
643,0.254886
644,0.246904
645,0.225454
646,0.165024
647,0.215265
648,0.245474
649,0.196804
650,0.157327
651,0.229577
652,0.201981
653,0.161923
654,0.176114
655,0.200730
656,0.227530
657,0.231324
658,0.162641
659,0.177932
660,0.195406
661,0.191597
662,0.171553
663,0.138193
664,0.288736
665,0.210490
666,0.192303
667,0.178213
668,0.206821
669,0.214423
670,0.208416
671,0.256827
672,0.155783
673,0.213477
674,0.228058
675,0.207254
676,0.209085
677,0.201212
678,0.194629
679,0.230067
680,0.204616
681,0.203725
682,0.239170
683,0.234509
684,0.177827
685,0.214118
686,0.234401
687,0.213988
688,0.172356
689,0.193423
690,0.214494
691,0.207973
692,0.235645
693,0.194285
694,0.214298
695,0.198919
696,0.187932
697,0.224413
698,0.206960
699,0.226091
700,0.239675
701,0.198375
702,0.189772
703,0.208396
704,0.223369
705,0.212560
706,0.196019
707,0.151701
708,0.147578
709,0.188372
710,0.251555
711,0.196011
712,0.174140
713,0.196721
714,0.188316
715,0.182786
716,0.190980
717,0.174309
718,0.182372
719,0.220808
720,0.211337
721,0.218425
722,0.212818
723,0.232407
724,0.219894
725,0.166510
726,0.208613
727,0.182908
728,0.195860
729,0.206950
730,0.204623
731,0.178228
732,0.184865
733,0.239387
734,0.194469
735,0.197402
736,0.227096
737,0.172653
738,0.196712
739,0.236051
740,0.214337
741,0.195088
742,0.220027
743,0.184945
744,0.226598
745,0.173020
746,0.231629
747,0.174870
748,0.266941
749,0.196493
750,0.199707
751,0.196406
752,0.215034
753,0.191841
754,0.239233
755,0.176382
756,0.198422
757,0.204937
758,0.205904
759,0.198911
760,0.223349
761,0.202609
762,0.246612
763,0.179200
764,0.240324
765,0.202954
766,0.183220
767,0.195749
768,0.155181
769,0.175616
770,0.190712
771,0.192581
772,0.226483
773,0.228238
774,0.253402
775,0.203951
776,0.186395
777,0.192898
778,0.199314
779,0.271367
780,0.169768
781,0.171143
782,0.216543
783,0.217939
784,0.160038
785,0.225249
786,0.222595
787,0.240510
788,0.185352
789,0.258009
790,0.211068
791,0.246297
792,0.202962
793,0.207331
794,0.172834
795,0.223852
796,0.225902
797,0.191976
798,0.191871
799,0.224763
800,0.259099
801,0.244198
802,0.206527
803,0.198827
804,0.181300
805,0.194645
806,0.211862
807,0.259552
808,0.199335
809,0.244299
810,0.221520
811,0.203307
812,0.217275
813,0.194808
814,0.232733
815,0.213157
816,0.223438
817,0.294028
818,0.209449
819,0.205798
820,0.212899
821,0.184353
822,0.226699
823,0.234430
824,0.211264
825,0.195519
826,0.225773
827,0.194043
828,0.218021
829,0.154205
830,0.166882
831,0.163536
832,0.202310
833,0.203195
834,0.192774
835,0.181018
836,0.202464
837,0.207750
838,0.187089
839,0.190639
840,0.204293
841,0.183911
842,0.158347
843,0.219309
844,0.203137
845,0.218587
846,0.171624
847,0.183984
848,0.204189
849,0.171119
850,0.197023
851,0.152545
852,0.250295
853,0.200100
854,0.194538
855,0.177842
856,0.241695
857,0.217009
858,0.233442
859,0.203173
860,0.201533
861,0.225426
862,0.201885
863,0.208404
864,0.148553
865,0.209796
866,0.233858
867,0.194166
868,0.199541
869,0.233417
870,0.235916
871,0.210937
872,0.177858
873,0.164999
874,0.234756
875,0.191295
876,0.214336
877,0.183883
878,0.264151
879,0.218017
880,0.188696
881,0.158742
882,0.175399
883,0.211087
884,0.173828
885,0.242668
886,0.187043
887,0.170726
888,0.184212
889,0.224829
890,0.194275
891,0.239158
892,0.211094
893,0.202494
894,0.215589
895,0.173284
896,0.198171
897,0.249516
898,0.205736
899,0.228426
900,0.204754
901,0.193199
902,0.163874
903,0.207425
904,0.230144
905,0.206121
906,0.213952
907,0.236288
908,0.197683
909,0.188421
910,0.163619
911,0.168554
912,0.226025
913,0.168784
914,0.215558
915,0.204636
916,0.215693
917,0.207402
918,0.214871
919,0.202405
920,0.217682
921,0.194006
922,0.189138
923,0.177108
924,0.166094
925,0.232396
926,0.218594
927,0.258630
928,0.218419
929,0.210223
930,0.249136
931,0.206951
932,0.210735
933,0.238953
934,0.202323
935,0.198276
936,0.217895
937,0.193569
938,0.203459
939,0.245024
940,0.212442
941,0.206646
942,0.192940
943,0.184280
944,0.214459
945,0.234750
946,0.214780
947,0.209661
948,0.236909
949,0.211175
950,0.200687
951,0.237810
952,0.238027
953,0.273485
954,0.283534
955,0.232560
956,0.222295
957,0.179571
958,0.243846
959,0.195182
960,0.217767
961,0.209790
962,0.203077
963,0.211709
964,0.212580
965,0.200725
966,0.229357
967,0.196055
968,0.206079
969,0.248416
970,0.210787
971,0.207201
972,0.218341
973,0.250740
974,0.258524
975,0.184769
976,0.183828
977,0.227779
978,0.205149
979,0.191516
980,0.177618
981,0.190277
982,0.178445
983,0.179414
984,0.205658
985,0.223320
986,0.247272
987,0.240169
988,0.212696
989,0.207185
990,0.230334
991,0.222707
992,0.223447
993,0.209298
994,0.208312
995,0.221795
996,0.230582
997,0.230332
998,0.197077
999,0.247563
1000,0.284845
1001,0.196734
1002,0.168939
1003,0.239837
1004,0.206625
1005,0.186146
1006,0.219170
1007,0.228169
1008,0.171597
1009,0.202653
1010,0.206823
1011,0.218714
1012,0.180853
1013,0.257861
1014,0.246388
1015,0.185451
1016,0.232084
1017,0.208730
1018,0.202923
1019,0.194181
1020,0.189326
1021,0.245135
1022,0.233650
1023,0.183638
1024,0.249922
1025,0.222203
1026,0.224114
1027,0.220527
1028,0.204336
1029,0.271613
1030,0.198466
1031,0.220046
1032,0.218193
1033,0.203772
1034,0.202528
1035,0.182565
1036,0.186424
1037,0.182032
1038,0.205515
1039,0.278161
1040,0.240859
1041,0.191902
1042,0.192920
1043,0.224318
1044,0.185028
1045,0.180929
1046,0.241526
1047,0.218314
1048,0.176967
1049,0.166664
1050,0.190791
1051,0.271942
1052,0.168616
1053,0.196752
1054,0.195969
1055,0.188172
1056,0.207398
1057,0.188654
1058,0.200328
1059,0.199194
1060,0.189917
1061,0.199424
1062,0.196889
1063,0.193612
1064,0.212993
1065,0.206011
1066,0.168820
1067,0.186933
1068,0.225382
1069,0.193140
1070,0.183729
1071,0.210746
1072,0.203025
1073,0.276814
1074,0.219942
1075,0.216364
1076,0.178411
1077,0.199156
1078,0.145966
1079,0.209992
1080,0.254930
1081,0.194840
1082,0.219305
1083,0.195267
1084,0.296624
1085,0.215205
1086,0.159681
1087,0.171487
1088,0.166810
1089,0.214233
1090,0.192794
1091,0.236621
1092,0.214301
1093,0.170988
1094,0.176431
1095,0.187141
1096,0.212523
1097,0.261956
1098,0.199452
1099,0.251234
1100,0.200854
1101,0.198142
1102,0.183792
1103,0.197106
1104,0.243154
1105,0.176861
1106,0.214991
1107,0.210607
1108,0.212046
1109,0.231966
1110,0.208107
1111,0.168846
1112,0.237189
1113,0.201953
1114,0.177299
1115,0.217891
1116,0.186683
1117,0.210811
1118,0.189023
1119,0.178399
1120,0.182970
1121,0.219224
1122,0.181060
1123,0.189582
1124,0.174119
1125,0.245377
1126,0.165512
1127,0.200587
1128,0.269163
1129,0.276500
1130,0.253994
1131,0.179772
1132,0.210316
1133,0.229378
1134,0.235648
1135,0.189830
1136,0.172202
1137,0.180722
1138,0.200149
1139,0.255258
1140,0.233491
1141,0.169147
1142,0.268239
1143,0.235383
1144,0.167530
1145,0.209872
1146,0.211512
1147,0.226507
1148,0.232348
1149,0.209160
1150,0.174512
1151,0.201197
1152,0.195190
1153,0.198669
1154,0.202201
1155,0.216553
1156,0.226571
1157,0.194409
1158,0.201431
1159,0.166378
1160,0.208867
1161,0.238157
1162,0.243592
1163,0.261661
1164,0.167896
1165,0.226615
1166,0.238741
1167,0.196970
1168,0.222885
1169,0.178450
1170,0.232666
1171,0.200064
1172,0.179844
1173,0.203265
1174,0.257531
1175,0.195250
1176,0.220233
1177,0.227891
1178,0.200811
1179,0.180475
1180,0.185556
1181,0.196143
1182,0.195407
1183,0.211234
1184,0.211739
1185,0.181061
1186,0.217931
1187,0.179077
1188,0.198949
1189,0.249082
1190,0.212849
1191,0.193593
1192,0.174051
1193,0.190694
1194,0.276901
1195,0.217111
1196,0.231303
1197,0.168822
1198,0.224587
1199,0.230341
1200,0.224226
1201,0.253077
1202,0.184289
1203,0.245440
1204,0.221378
1205,0.182725
1206,0.222396
1207,0.179341
1208,0.193531
1209,0.231934
1210,0.260065
1211,0.175800
1212,0.169403
1213,0.205638
1214,0.191323
1215,0.214165
1216,0.241943
1217,0.184604
1218,0.224837
1219,0.251357
1220,0.226012
1221,0.178933
1222,0.178270
1223,0.210664
1224,0.187741
1225,0.182818
1226,0.221115
1227,0.193768
1228,0.164189
1229,0.160114
1230,0.208396
1231,0.221565
1232,0.178923
1233,0.169138
1234,0.227698
1235,0.222842
1236,0.213689
1237,0.210970
1238,0.234274
1239,0.184303
1240,0.156778
1241,0.233218
1242,0.198805
1243,0.215181
1244,0.263640
1245,0.230931
1246,0.211564
1247,0.251097
1248,0.202951
1249,0.224536
1250,0.179437
1251,0.198054
1252,0.198894
1253,0.209423
1254,0.183960
1255,0.176128
1256,0.193722
1257,0.220463
1258,0.199122
1259,0.214954
1260,0.257520
1261,0.148180
1262,0.261539
1263,0.186216
1264,0.215587
1265,0.195301
1266,0.195620
1267,0.163486
1268,0.189003
1269,0.181163
1270,0.187576
1271,0.200606
1272,0.170335
1273,0.176191
1274,0.175596
1275,0.204251
1276,0.183845
1277,0.185060
1278,0.233216
1279,0.185928
1280,0.203228
1281,0.231194
1282,0.236492
1283,0.185888
1284,0.175998
1285,0.286193
1286,0.202956
1287,0.197726
1288,0.161751
1289,0.184351
1290,0.156584
1291,0.196405
1292,0.226276
1293,0.160596
1294,0.215119
1295,0.181740
1296,0.209398
1297,0.174252
1298,0.215724
1299,0.201487
1300,0.283088
1301,0.215684
1302,0.187927
1303,0.256985
1304,0.208374
1305,0.195683
1306,0.160346
1307,0.197290
1308,0.220000
1309,0.220701
1310,0.194225
1311,0.165819
1312,0.187678
1313,0.211766
1314,0.205541
1315,0.174870
1316,0.204336
1317,0.182626
1318,0.211082
1319,0.194788
1320,0.172788
1321,0.172567
1322,0.182108
1323,0.229982
1324,0.226953
1325,0.192770
1326,0.154329
1327,0.196206
1328,0.210583
1329,0.188776
1330,0.252682
1331,0.200857
1332,0.231953
1333,0.171064
1334,0.196100
1335,0.192489
1336,0.179230
1337,0.211414
1338,0.209117
1339,0.201302
1340,0.183385
1341,0.241121
1342,0.200083
1343,0.200569
1344,0.205351
1345,0.218201
1346,0.248529
1347,0.217784
1348,0.199382
1349,0.209897
1350,0.217293
1351,0.183614
1352,0.222757
1353,0.207195
1354,0.239778
1355,0.202106
1356,0.201785
1357,0.175326
1358,0.245698
1359,0.205448
1360,0.225809
1361,0.166798
1362,0.187798
1363,0.225592
1364,0.186122
1365,0.217504
1366,0.218660
1367,0.244789
1368,0.246208
1369,0.227370
1370,0.215322
1371,0.180895
1372,0.212871
1373,0.212148
1374,0.197672
1375,0.240215
1376,0.224342
1377,0.173008
1378,0.203334
1379,0.239202
1380,0.185933
1381,0.241838
1382,0.188921
1383,0.157653
1384,0.172592
1385,0.214085
1386,0.203269
1387,0.216252
1388,0.173272
1389,0.169693
1390,0.182234
1391,0.197727
1392,0.172314
1393,0.181012
1394,0.218834
1395,0.180063
1396,0.202466
1397,0.257609
1398,0.185240
1399,0.187912
1400,0.208521
1401,0.225330
1402,0.235184
1403,0.203277
1404,0.212115
1405,0.195544
1406,0.172212
1407,0.172701
1408,0.207708
1409,0.225026
1410,0.167273
1411,0.165936
1412,0.195714
1413,0.202204
1414,0.196302
1415,0.215787
1416,0.190067
1417,0.180357
1418,0.249756
1419,0.216989
1420,0.245104
1421,0.212253
1422,0.211785
1423,0.189951
1424,0.173583
1425,0.196370
1426,0.196735
1427,0.186955
1428,0.244965
1429,0.160869
1430,0.221636
1431,0.218389
1432,0.194462
1433,0.189556
1434,0.208429
1435,0.201307
1436,0.191626
1437,0.212514
1438,0.195367
1439,0.218867
1440,0.186609
1441,0.198740
1442,0.253331
1443,0.245129
1444,0.205295
1445,0.246749
1446,0.195404
1447,0.262617
1448,0.221238
1449,0.173321
1450,0.187833
1451,0.231426
1452,0.251311
1453,0.250933
1454,0.191449
1455,0.268019
1456,0.222268
1457,0.185236
1458,0.221316
1459,0.197436
1460,0.162185
1461,0.199088
1462,0.211356
1463,0.177166
1464,0.196155
1465,0.191472
1466,0.214968
1467,0.244141
1468,0.167045
1469,0.208103
1470,0.174318
1471,0.210870
1472,0.241139
1473,0.218217
1474,0.197868
1475,0.231001
1476,0.216925
1477,0.241847
1478,0.213522
1479,0.228951
1480,0.206400
1481,0.241547
1482,0.178248
1483,0.164474
1484,0.217084
1485,0.246021
1486,0.230600
1487,0.209687
1488,0.190092
1489,0.200614
1490,0.234853
1491,0.240381
1492,0.257544
1493,0.179723
1494,0.217450
1495,0.208687
1496,0.172373
1497,0.175602
1498,0.192081
1499,0.209148
1500,0.178705
1501,0.220517
1502,0.210876
1503,0.208155
1504,0.206081
1505,0.235774
1506,0.186863
1507,0.236236
1508,0.170262
1509,0.195652
1510,0.225252
1511,0.179659
1512,0.201115
1513,0.231275
1514,0.194505
1515,0.196404
1516,0.200969
1517,0.208086
1518,0.216954
1519,0.233919
1520,0.215619
1521,0.179748
1522,0.264509
1523,0.176900
1524,0.179673
1525,0.204308
1526,0.178519
1527,0.243955
1528,0.187216
1529,0.170872
1530,0.164195
1531,0.236908
1532,0.177961
1533,0.197532
1534,0.229199
1535,0.255523
1536,0.208368
1537,0.268042
1538,0.199250
1539,0.165546
1540,0.201084
1541,0.199971
1542,0.252730
1543,0.219435
1544,0.172354
1545,0.184860
1546,0.173518
1547,0.189078
1548,0.167966
1549,0.209585
1550,0.192330
1551,0.184882
1552,0.173283
1553,0.193166
1554,0.177606
1555,0.205606
1556,0.236352
1557,0.211303
1558,0.188393
1559,0.176214
1560,0.211415
1561,0.236873
1562,0.205186
1563,0.204260
1564,0.165357
1565,0.194594
1566,0.211278
1567,0.208706
1568,0.197048
1569,0.210449
1570,0.240737
1571,0.211469
1572,0.188042
1573,0.201598
1574,0.179905
1575,0.199984
1576,0.203929
1577,0.209581
1578,0.202265
1579,0.212258
1580,0.188949
1581,0.190148
1582,0.152696
1583,0.211261
1584,0.206015
1585,0.168352
1586,0.182986
1587,0.168468
1588,0.228988
1589,0.218264
1590,0.204674
1591,0.163152
1592,0.176033
1593,0.231120
1594,0.219495
1595,0.179000
1596,0.227573
1597,0.208360
1598,0.212319
1599,0.204369
1600,0.195030
1601,0.236528
1602,0.279012
1603,0.192720
1604,0.180478
1605,0.181261
1606,0.175550
1607,0.232614
1608,0.182115
1609,0.177717
1610,0.211325
1611,0.184141
1612,0.224945
1613,0.241780
1614,0.230964
1615,0.169535
1616,0.168357
1617,0.173434
1618,0.192941
1619,0.250389
1620,0.184415
1621,0.214298
1622,0.195308
1623,0.180194
1624,0.155167
1625,0.158342
1626,0.230710
1627,0.217734
1628,0.165814
1629,0.226421
1630,0.192199
1631,0.215964
1632,0.210795
1633,0.202129
1634,0.147806
1635,0.215574
1636,0.195528
1637,0.216023
1638,0.190556
1639,0.194706
1640,0.153048
1641,0.187078
1642,0.165700
1643,0.199971
1644,0.225054
1645,0.196771
1646,0.167135
1647,0.192319
1648,0.166409
1649,0.209284
1650,0.178852
1651,0.251187
1652,0.179494
1653,0.277532
1654,0.197499
1655,0.247206
1656,0.176627
1657,0.171443
1658,0.188607
1659,0.213683
1660,0.208727
1661,0.263149
1662,0.231795
1663,0.247218
1664,0.225708
1665,0.216413
1666,0.208445
1667,0.178986
1668,0.245204
1669,0.247691
1670,0.247325
1671,0.182496
1672,0.188636
1673,0.191883
1674,0.198611
1675,0.204088
1676,0.244184
1677,0.189720
1678,0.162264
1679,0.194221
1680,0.197993
1681,0.206326
1682,0.237218
1683,0.237062
1684,0.183965
1685,0.201727
1686,0.165429
1687,0.205974
1688,0.237266
1689,0.206272
1690,0.211431
1691,0.183855
1692,0.189857
1693,0.196700
1694,0.190244
1695,0.229900
1696,0.211433
1697,0.207312
1698,0.227395
1699,0.212911
1700,0.219676
1701,0.214158
1702,0.196433
1703,0.171344
1704,0.209769
1705,0.215674
1706,0.173142
1707,0.201922
1708,0.249882
1709,0.235848
1710,0.199300
1711,0.262126
1712,0.241972
1713,0.165607
1714,0.181054
1715,0.222664
1716,0.177715
1717,0.282827
1718,0.169502
1719,0.208715
1720,0.205417
1721,0.170941
1722,0.201116
1723,0.223652
1724,0.214531
1725,0.182916
1726,0.229880
1727,0.200848
1728,0.170235
1729,0.209298
1730,0.172687
1731,0.236339
1732,0.225600
1733,0.219954
1734,0.245311
1735,0.269625
1736,0.191186
1737,0.205502
1738,0.208690
1739,0.234454
1740,0.187198
1741,0.209972
1742,0.187705
1743,0.223206
1744,0.218611
1745,0.186064
1746,0.195517
1747,0.165791
1748,0.197988
1749,0.220519
1750,0.174884
1751,0.202454
1752,0.227031
1753,0.204714
1754,0.213368
1755,0.221670
1756,0.200374
1757,0.242187
1758,0.184969
1759,0.200046
1760,0.253375
1761,0.232944
1762,0.195632
1763,0.193818
1764,0.187636
1765,0.208165
1766,0.175686
1767,0.174217
1768,0.247891
1769,0.155965
1770,0.183349
1771,0.247898
1772,0.178896
1773,0.216881
1774,0.220286
1775,0.228392
1776,0.172677
1777,0.186268
1778,0.167731
1779,0.210941
1780,0.271841
1781,0.166805
1782,0.182327
1783,0.191536
1784,0.207437
1785,0.203126
1786,0.176538
1787,0.184290
1788,0.230914
1789,0.211252
1790,0.200726
1791,0.229987
1792,0.197964
1793,0.226893
1794,0.185284
1795,0.183431
1796,0.194937
1797,0.208193
1798,0.201801
1799,0.215025
1800,0.214336
1801,0.153000
1802,0.259660
1803,0.217688
1804,0.232794
1805,0.219953
1806,0.216349
1807,0.222486
1808,0.234975
1809,0.173303
1810,0.229031
1811,0.164895
1812,0.198165
1813,0.243356
1814,0.229507
1815,0.170975
1816,0.143276
1817,0.234758
1818,0.186426
1819,0.220964
1820,0.166131
1821,0.190442
1822,0.220802
1823,0.253073
1824,0.217872
1825,0.211430
1826,0.164253
1827,0.209665
1828,0.180068
1829,0.214512
1830,0.185700
1831,0.177309
1832,0.204124
1833,0.227717
1834,0.199818
1835,0.238538
1836,0.171351
1837,0.199382
1838,0.204948
1839,0.198783
1840,0.210203
1841,0.193353
1842,0.198390
1843,0.219261
1844,0.215489
1845,0.229800
1846,0.241442
1847,0.246283
1848,0.159998
1849,0.211426
1850,0.222979
1851,0.241377
1852,0.171024
1853,0.221925
1854,0.219517
1855,0.185818
1856,0.220391
1857,0.218723
1858,0.220084
1859,0.205706
1860,0.215059
1861,0.170483
1862,0.179861
1863,0.194620
1864,0.194866
1865,0.255105
1866,0.183243
1867,0.171638
1868,0.237583
1869,0.190387
1870,0.214225
1871,0.202197
1872,0.194843
1873,0.199370
1874,0.248649
1875,0.239938
1876,0.178611
1877,0.211585
1878,0.188034
1879,0.188368
1880,0.194974
1881,0.247951
1882,0.192515
1883,0.161285
1884,0.148578
1885,0.176381
1886,0.209650
1887,0.207737
1888,0.212164
1889,0.194812
1890,0.258977
1891,0.172677
1892,0.199911
1893,0.253063
1894,0.211123
1895,0.214582
1896,0.183090
1897,0.199362
1898,0.200852
1899,0.172357
1900,0.170870
1901,0.189824
1902,0.181938
1903,0.187537
1904,0.196595
1905,0.220342
1906,0.222768
1907,0.249240
1908,0.173604
1909,0.189261
1910,0.246872
1911,0.207607
1912,0.192975
1913,0.216678
1914,0.163346
1915,0.232472
1916,0.274447
1917,0.187237
1918,0.183100
1919,0.161029
1920,0.242581
1921,0.210939
1922,0.180831
1923,0.186813
1924,0.246139
1925,0.203141
1926,0.235263
1927,0.185716
1928,0.187309
1929,0.155053
1930,0.244977
1931,0.212586
1932,0.230072
1933,0.179190
1934,0.170947
1935,0.167822
1936,0.171994
1937,0.205728
1938,0.198124
1939,0.227501
1940,0.211391
1941,0.228385
1942,0.153069
1943,0.280846
1944,0.246091
1945,0.215112
1946,0.211240
1947,0.200918
1948,0.186398
1949,0.167703
1950,0.231104
1951,0.207031
1952,0.212605
1953,0.161064
1954,0.223185
1955,0.208154
1956,0.220899
1957,0.171716
1958,0.232743
1959,0.212573
1960,0.189944
1961,0.251755
1962,0.189638
1963,0.223367
1964,0.184506
1965,0.235908
1966,0.228973
1967,0.186586
1968,0.226755
1969,0.190711
1970,0.214131
1971,0.216051
1972,0.192887
1973,0.207277
1974,0.271023
1975,0.227296
1976,0.196322
1977,0.232226
1978,0.155338
1979,0.209889
1980,0.165816
1981,0.185179
1982,0.247256
1983,0.231243
1984,0.207739
1985,0.213042
1986,0.191404
1987,0.225931
1988,0.218535
1989,0.260510
1990,0.219981
1991,0.205078
1992,0.228362
1993,0.207673
1994,0.232924
1995,0.155180
1996,0.208707
1997,0.211807
1998,0.196005
1999,0.213879
2000,0.189310
2001,0.204049
2002,0.197669
2003,0.197228
2004,0.187624
2005,0.264460
2006,0.256497
2007,0.221275
2008,0.181924
2009,0.202483
2010,0.184619
2011,0.190293
2012,0.179318
2013,0.207593
2014,0.188483
2015,0.177304
2016,0.246061
2017,0.191105
2018,0.186594
2019,0.222437
2020,0.209955
2021,0.216491
2022,0.186023
2023,0.179266
2024,0.211027
2025,0.213897
2026,0.206823
2027,0.215654
2028,0.206769
2029,0.195261
2030,0.223007
2031,0.193209
2032,0.195493
2033,0.161378
2034,0.217923
2035,0.205081
2036,0.207366
2037,0.181600
2038,0.166954
2039,0.194038
2040,0.218949
2041,0.253564
2042,0.195855
2043,0.213280
2044,0.241049
2045,0.207041
2046,0.194976
2047,0.187425
2048,0.223333
2049,0.207677
2050,0.177862
2051,0.230248
2052,0.179976
2053,0.224089
2054,0.198461
2055,0.202364
2056,0.236174
2057,0.170289
2058,0.153644
2059,0.170046
2060,0.178956
2061,0.199105
2062,0.191902
2063,0.206493
2064,0.188430
2065,0.206894
2066,0.207988
2067,0.234247
2068,0.186032
2069,0.219081
2070,0.193655
2071,0.200128
2072,0.157134
2073,0.153144
2074,0.208023
2075,0.223062
2076,0.202767
2077,0.262694
2078,0.217914
2079,0.186904
2080,0.172629
2081,0.183795
2082,0.255696
2083,0.206717
2084,0.181603
2085,0.219902
2086,0.236644
2087,0.233931
2088,0.249077
2089,0.264744
2090,0.147930
2091,0.216329
2092,0.205759
2093,0.219654
2094,0.205279
2095,0.176953
2096,0.233486
2097,0.209117
2098,0.200005
2099,0.198406
2100,0.219229
2101,0.205547
2102,0.214606
2103,0.199861
2104,0.245031
2105,0.170948
2106,0.167980
2107,0.182618
2108,0.210637
2109,0.177840
2110,0.184798
2111,0.178965
2112,0.206492
2113,0.202463
2114,0.180411
2115,0.168446
2116,0.177857
2117,0.197582
2118,0.204567
2119,0.188413
2120,0.192211
2121,0.254114
2122,0.248567
2123,0.203670
2124,0.191660
2125,0.204675
2126,0.238508
2127,0.201545
2128,0.211370
2129,0.275554
2130,0.177553
2131,0.223345
2132,0.189913
2133,0.194602
2134,0.160424
2135,0.224788
2136,0.189896
2137,0.203771
2138,0.215207
2139,0.247933
2140,0.230946
2141,0.210150
2142,0.178315
2143,0.241165
2144,0.192595
2145,0.256060
2146,0.168617
2147,0.202713
2148,0.238562
2149,0.212693
2150,0.187974
2151,0.210454
2152,0.184402
2153,0.230674
2154,0.227648
2155,0.193818
2156,0.198687
2157,0.185901
2158,0.159650
2159,0.236285
2160,0.174869
2161,0.192573
2162,0.258319
2163,0.152449
2164,0.227377
2165,0.148679
2166,0.228355
2167,0.207628
2168,0.207598
2169,0.197102
2170,0.238177
2171,0.202763
2172,0.182161
2173,0.189698
2174,0.227947
2175,0.203478
2176,0.203271
2177,0.184993
2178,0.172588
2179,0.210349
2180,0.218749
2181,0.189827
2182,0.211979
2183,0.179981
2184,0.199934
2185,0.213429
2186,0.212885
2187,0.188953
2188,0.220352
2189,0.182623
2190,0.215752
2191,0.163515
2192,0.183490
2193,0.179790
2194,0.219039
2195,0.207914
2196,0.226222
2197,0.177978
2198,0.154352
2199,0.148114
2200,0.182981
2201,0.214901
2202,0.223010
2203,0.205598
2204,0.217723
2205,0.185539
2206,0.190160
2207,0.221175
2208,0.244075
2209,0.170768
2210,0.194291
2211,0.160942
2212,0.185744
2213,0.184647
2214,0.227331
2215,0.165893
2216,0.204856
2217,0.178713
2218,0.223246
2219,0.198302
2220,0.223130
2221,0.210484
2222,0.188353
2223,0.230211
2224,0.228978
2225,0.167540
2226,0.185018
2227,0.182931
2228,0.209937
2229,0.191203
2230,0.178780
2231,0.189648
2232,0.209132
2233,0.200388
2234,0.248337
2235,0.224018
2236,0.228145
2237,0.247182
2238,0.220894
2239,0.178451
2240,0.179680
2241,0.249105
2242,0.221920
2243,0.258131
2244,0.230026
2245,0.197764
2246,0.207903
2247,0.217695
2248,0.181927
2249,0.210042
2250,0.240436
2251,0.204376
2252,0.283556
2253,0.174728
2254,0.194700
2255,0.226788
2256,0.194470
2257,0.160366
2258,0.163922
2259,0.146600
2260,0.201060
2261,0.218356
2262,0.211459
2263,0.210734
2264,0.217369
2265,0.223582
2266,0.213386
2267,0.213015
2268,0.192202
2269,0.198582
2270,0.209381
2271,0.199648
2272,0.209015
2273,0.222681
2274,0.200781
2275,0.204959
2276,0.174051
2277,0.212973
2278,0.216955
2279,0.161984
2280,0.192018
2281,0.203762
2282,0.253519
2283,0.174039
2284,0.188655
2285,0.174444
2286,0.221465
2287,0.186232
2288,0.184042
2289,0.202260
2290,0.233777
2291,0.190765
2292,0.257523
2293,0.208638
2294,0.228823
2295,0.202852
2296,0.199618
2297,0.179502
2298,0.169058
2299,0.210494
2300,0.182655
2301,0.215175
2302,0.189037
2303,0.210723
2304,0.162343
2305,0.239409
2306,0.241920
2307,0.201623
2308,0.222209
2309,0.176916
2310,0.220568
2311,0.203314
2312,0.211494
2313,0.225424
2314,0.181513
2315,0.207058
2316,0.200098
2317,0.172710
2318,0.198715
2319,0.173448
2320,0.241151
2321,0.211275
2322,0.197965
2323,0.176881
2324,0.199664
2325,0.235653
2326,0.141791
2327,0.186205
2328,0.194598
2329,0.249573
2330,0.190324
2331,0.166403
2332,0.178384
2333,0.209393
2334,0.156588
2335,0.172025
2336,0.196691
2337,0.174493
2338,0.232212
2339,0.215363
2340,0.215889
2341,0.229795
2342,0.199604
2343,0.259935
2344,0.293364
2345,0.220555
2346,0.149481
2347,0.208620
2348,0.163930
2349,0.196943
2350,0.186695
2351,0.198623
2352,0.198871
2353,0.197435
2354,0.159667
2355,0.196382
2356,0.198674
2357,0.192565
2358,0.215460
2359,0.202996
2360,0.253414
2361,0.227500
2362,0.194620
2363,0.223598
2364,0.180413
2365,0.159009
2366,0.151816
2367,0.160323
2368,0.201647
2369,0.177784
2370,0.230798
2371,0.217848
2372,0.250015
2373,0.240874
2374,0.209005
2375,0.159094
2376,0.176491
2377,0.234449
2378,0.233911
2379,0.193464
2380,0.187563
2381,0.255942
2382,0.264538
2383,0.204619
2384,0.227018
2385,0.244314
2386,0.213910
2387,0.214184
2388,0.211212
2389,0.215601
2390,0.193154
2391,0.184288
2392,0.248842
2393,0.240761
2394,0.253571
2395,0.198529
2396,0.178555
2397,0.232985
2398,0.199050
2399,0.168313
2400,0.205824
2401,0.210865
2402,0.204737
2403,0.186612
2404,0.194962
2405,0.178964
2406,0.224373
2407,0.223554
2408,0.196881
2409,0.228406
2410,0.222281
2411,0.217819
2412,0.211581
2413,0.192497
2414,0.226222
2415,0.225745
2416,0.231486
2417,0.206943
2418,0.227825
2419,0.208792
2420,0.185079
2421,0.218021
2422,0.222682
2423,0.197391
2424,0.240868
2425,0.235008
2426,0.217492
2427,0.202885
2428,0.179042
2429,0.221230
2430,0.235752
2431,0.215773
2432,0.166569
2433,0.224630
2434,0.221674
2435,0.206876
2436,0.203543
2437,0.244698
2438,0.186213
2439,0.173347
2440,0.174182
2441,0.200328
2442,0.266747
2443,0.211220
2444,0.237848
2445,0.212671
2446,0.246680
2447,0.243995
2448,0.273617
2449,0.180223
2450,0.180529
2451,0.194394
2452,0.210244
2453,0.188334
2454,0.219662
2455,0.240652
2456,0.217967
2457,0.183901
2458,0.160192
2459,0.244112
2460,0.212705
2461,0.215420
2462,0.228287
2463,0.205580
2464,0.194829
2465,0.205740
2466,0.254492
2467,0.212388
2468,0.198640
2469,0.243000
2470,0.195425
2471,0.183119
2472,0.170650
2473,0.188292
2474,0.250393
2475,0.188839
2476,0.167987
2477,0.267003
2478,0.212306
2479,0.181601
2480,0.180824
2481,0.210526
2482,0.232335
2483,0.172328
2484,0.190438
2485,0.228524
2486,0.208962
2487,0.181858
2488,0.208702
2489,0.193478
2490,0.218259
2491,0.214210
2492,0.200257
2493,0.234445
2494,0.235207
2495,0.211242
2496,0.187895
2497,0.198336
2498,0.252643
2499,0.234630
2500,0.204951
2501,0.210888
2502,0.196711
2503,0.183515
2504,0.263341
2505,0.221715
2506,0.244241
2507,0.188359
2508,0.195788
2509,0.184743
2510,0.187622
2511,0.217155
2512,0.154402
2513,0.223224
2514,0.198664
2515,0.199221
2516,0.169006
2517,0.227224
2518,0.191778
2519,0.260357
2520,0.168349
2521,0.201961
2522,0.208893
2523,0.217446
2524,0.200272
2525,0.213956
2526,0.209291
2527,0.221925
2528,0.203971
2529,0.243018
2530,0.227993
2531,0.215978
2532,0.232774
2533,0.192654
2534,0.189986
2535,0.179354
2536,0.173468
2537,0.215264
2538,0.185532
2539,0.208813
2540,0.242487
2541,0.215816
2542,0.234176
2543,0.215604
2544,0.222334
2545,0.206166
2546,0.213336
2547,0.227427
2548,0.189437
2549,0.184225
2550,0.214932
2551,0.195708
2552,0.224503
2553,0.219133
2554,0.167931
2555,0.214060
2556,0.204327
2557,0.197169
2558,0.196765
2559,0.257168
2560,0.212419
2561,0.211550
2562,0.176837
2563,0.189744
2564,0.188774
2565,0.183117
2566,0.228953
2567,0.233267
2568,0.209275
2569,0.192017
2570,0.214621
2571,0.192081
2572,0.220546
2573,0.227064
2574,0.197780
2575,0.225288
2576,0.180332
2577,0.235322
2578,0.187531
2579,0.214399
2580,0.230673
2581,0.164683
2582,0.210225
2583,0.191266
2584,0.209239
2585,0.242207
2586,0.214053
2587,0.163497
2588,0.166418
2589,0.184786
2590,0.212165
2591,0.207999
2592,0.213071
2593,0.217745
2594,0.214495
2595,0.225726
2596,0.198869
2597,0.211169
2598,0.215326
2599,0.171052
2600,0.194895
2601,0.205069
2602,0.203764
2603,0.217451
2604,0.192861
2605,0.205648
2606,0.163741
2607,0.185994
2608,0.193665
2609,0.215026
2610,0.167136
2611,0.238449
2612,0.237148
2613,0.197425
2614,0.248439
2615,0.206576
2616,0.196987
2617,0.198536
2618,0.229113
2619,0.206614
2620,0.232032
2621,0.187548
2622,0.196195
2623,0.158822
2624,0.176606
2625,0.204352
2626,0.258961
2627,0.172786
2628,0.186776
2629,0.198707
2630,0.194273
2631,0.156739
2632,0.242095
2633,0.223769
2634,0.193942
2635,0.221468
2636,0.244885
2637,0.224899
2638,0.213807
2639,0.236673
2640,0.216936
2641,0.198327
2642,0.166008
2643,0.188033
2644,0.195329
2645,0.191402
2646,0.175418
2647,0.171420
2648,0.271076
2649,0.242604
2650,0.232748
2651,0.229663
2652,0.168175
2653,0.191837
2654,0.170402
2655,0.191431
2656,0.222418
2657,0.174759
2658,0.214909
2659,0.181052
2660,0.176589
2661,0.210770
2662,0.220624
2663,0.209131
2664,0.221530
2665,0.171720
2666,0.265002
2667,0.218529
2668,0.182414
2669,0.248453
2670,0.204673
2671,0.289698
2672,0.208644
2673,0.181543
2674,0.190389
2675,0.193415
2676,0.198874
2677,0.190157
2678,0.175068
2679,0.229340
2680,0.239026
2681,0.196531
2682,0.158353
2683,0.264472
2684,0.203837
2685,0.210863
2686,0.239203
2687,0.210531
2688,0.178695
2689,0.176348
2690,0.235533
2691,0.193657
2692,0.201823
2693,0.166589
2694,0.185816
2695,0.210892
2696,0.275672
2697,0.215122
2698,0.202060
2699,0.198339
2700,0.187890
2701,0.165182
2702,0.223834
2703,0.203566
2704,0.211346
2705,0.185291
2706,0.176614
2707,0.218787
2708,0.236073
2709,0.212391
2710,0.181544
2711,0.156034
2712,0.224410
2713,0.185872
2714,0.196310
2715,0.193828
2716,0.232058
2717,0.180542
2718,0.226816
2719,0.173156
2720,0.186646
2721,0.202081
2722,0.221546
2723,0.200163
2724,0.171901
2725,0.208150
2726,0.197393
2727,0.220651
2728,0.160614
2729,0.231697
2730,0.218203
2731,0.192517
2732,0.210920
2733,0.161993
2734,0.163134
2735,0.182837
2736,0.211879
2737,0.232122
2738,0.234084
2739,0.205964
2740,0.217752
2741,0.181309
2742,0.244553
2743,0.257283
2744,0.175805
2745,0.202452
2746,0.184306
2747,0.234944
2748,0.215132
2749,0.187524
2750,0.187323
2751,0.219215
2752,0.196074
2753,0.214339
2754,0.224666
2755,0.214551
2756,0.187817
2757,0.236940
2758,0.181265
2759,0.183654
2760,0.229723
2761,0.224808
2762,0.238900
2763,0.235392
2764,0.259613
2765,0.173706
2766,0.191771
2767,0.227205
2768,0.226535
2769,0.251912
2770,0.207234
2771,0.221296
2772,0.190808
2773,0.202403
2774,0.210353
2775,0.251846
2776,0.249148
2777,0.212611
2778,0.208882
2779,0.209590
2780,0.207807
2781,0.202064
2782,0.200976
2783,0.231847
2784,0.191024
2785,0.185790
2786,0.205478
2787,0.228203
2788,0.200549
2789,0.229176
2790,0.202306
2791,0.217063
2792,0.228694
2793,0.236053
2794,0.213411
2795,0.216886
2796,0.200757
2797,0.148198
2798,0.201841
2799,0.161452
2800,0.201384
2801,0.239083
2802,0.187883
2803,0.191673
2804,0.216239
2805,0.246231
2806,0.245941
2807,0.207550
2808,0.181669
2809,0.231941
2810,0.193782
2811,0.194620
2812,0.224459
2813,0.205624
2814,0.228388
2815,0.247494
2816,0.231267
2817,0.217198
2818,0.175867
2819,0.198609
2820,0.187441
2821,0.238313
2822,0.212080
2823,0.191654
2824,0.189614
2825,0.217780
2826,0.189514
2827,0.276814
2828,0.179492
2829,0.159263
2830,0.179903
2831,0.211956
2832,0.240754
2833,0.201769
2834,0.161148
2835,0.181925
2836,0.189495
2837,0.204275
2838,0.191192
2839,0.192855
2840,0.251611
2841,0.169099
2842,0.193412
2843,0.206039
2844,0.216578
2845,0.209352
2846,0.157927
2847,0.200007
2848,0.216078
2849,0.226020
2850,0.185634
2851,0.211641
2852,0.196831
2853,0.223184
2854,0.220295
2855,0.196609
2856,0.239026
2857,0.215448
2858,0.258958
2859,0.209696
2860,0.218453
2861,0.242688
2862,0.196074
2863,0.185174
2864,0.180890
2865,0.241862
2866,0.215026
2867,0.182059
2868,0.249583
2869,0.195635
2870,0.234941
2871,0.208776
2872,0.243446
2873,0.219035
2874,0.173927
2875,0.183228
2876,0.201918
2877,0.224984
2878,0.203160
2879,0.191394
2880,0.174773
2881,0.204029
2882,0.206623
2883,0.159019
2884,0.221895
2885,0.202847
2886,0.213589
2887,0.240632
2888,0.187752
2889,0.189454
2890,0.179403
2891,0.192916
2892,0.279870
2893,0.162046
2894,0.202391
2895,0.195281
2896,0.174760
2897,0.220779
2898,0.234975
2899,0.210557
2900,0.247996
2901,0.203035
2902,0.217872
2903,0.196322
2904,0.261215
2905,0.186930
2906,0.232313
2907,0.202494
2908,0.283507
2909,0.228036
2910,0.250204
2911,0.153784
2912,0.239524
2913,0.197408
2914,0.207837
2915,0.197037
2916,0.185576
2917,0.152839
2918,0.201346
2919,0.180866
2920,0.216960
2921,0.211920
2922,0.209946
2923,0.241918
2924,0.248218
2925,0.228982
2926,0.215833
2927,0.238879
2928,0.229413
2929,0.189163
2930,0.263215
2931,0.209254
2932,0.225324
2933,0.197706
2934,0.182786
2935,0.221740
2936,0.224828
2937,0.208325
2938,0.191811
2939,0.210724
2940,0.212175
2941,0.167986
2942,0.189362
2943,0.191196
2944,0.225903
2945,0.263827
2946,0.214456
2947,0.243314
2948,0.240616
2949,0.223841
2950,0.181479
2951,0.191070
2952,0.214340
2953,0.226530
2954,0.174943
2955,0.188620
2956,0.174443
2957,0.207281
2958,0.164588
2959,0.172176
2960,0.219171
2961,0.263174
2962,0.214090
2963,0.215526
2964,0.193497
2965,0.212355
2966,0.157394
2967,0.214731
2968,0.234756
2969,0.228763
2970,0.177573
2971,0.229124
2972,0.231768
2973,0.246529
2974,0.176784
2975,0.192311
2976,0.210138
2977,0.207256
2978,0.179376
2979,0.187771
2980,0.249331
2981,0.152406
2982,0.173610
2983,0.190733
2984,0.242268
2985,0.152816
2986,0.204238
2987,0.202506
2988,0.221457
2989,0.229868
2990,0.182326
2991,0.177621
2992,0.225756
2993,0.168791
2994,0.209447
2995,0.160027
2996,0.290585
2997,0.154537
2998,0.194007
2999,0.228614
3000,0.211494
3001,0.167607
3002,0.186186
3003,0.201832
3004,0.214049
3005,0.186536
3006,0.160603
3007,0.257847
3008,0.241278
3009,0.174259
3010,0.218463
3011,0.174125
3012,0.216175
3013,0.188729
3014,0.195325
3015,0.166945
3016,0.265348
3017,0.206533
3018,0.189645
3019,0.228507
3020,0.193517
3021,0.155023
3022,0.232465
3023,0.235169
3024,0.225881
3025,0.171497
3026,0.200572
3027,0.195979
3028,0.197804
3029,0.190060
3030,0.246267
3031,0.178402
3032,0.282010
3033,0.202496
3034,0.190565
3035,0.214196
3036,0.204481
3037,0.251800
3038,0.179816
3039,0.238600
3040,0.208961
3041,0.210516
3042,0.185024
3043,0.142709
3044,0.163423
3045,0.253993
3046,0.244908
3047,0.196092
3048,0.185023
3049,0.211856
3050,0.149981
3051,0.225421
3052,0.225651
3053,0.187557
3054,0.189135
3055,0.177631
3056,0.190622
3057,0.180832
3058,0.225942
3059,0.212243
3060,0.191669
3061,0.201412
3062,0.176668
3063,0.183271
3064,0.177406
3065,0.161059
3066,0.188504
3067,0.167880
3068,0.181034
3069,0.204173
3070,0.238256
3071,0.197092
3072,0.172107
3073,0.182957
3074,0.251702
3075,0.169741
3076,0.197376
3077,0.187464
3078,0.209816
3079,0.201056
3080,0.191770
3081,0.219000
3082,0.205121
3083,0.197382
3084,0.226399
3085,0.168622
3086,0.160816
3087,0.220181
3088,0.201161
3089,0.183436
3090,0.184732
3091,0.186905
3092,0.201673
3093,0.208196
3094,0.202605
3095,0.246148
3096,0.224264
3097,0.217620
3098,0.213339
3099,0.209793
3100,0.198850
3101,0.164280
3102,0.171176
3103,0.224141
3104,0.186918
3105,0.196863
3106,0.170304
3107,0.155417
3108,0.239065
3109,0.237356
3110,0.220177
3111,0.231280
3112,0.185474
3113,0.202507
3114,0.225403
3115,0.152910
3116,0.184222
3117,0.178401
3118,0.208615
3119,0.229461
3120,0.190486
3121,0.244786
3122,0.175338
3123,0.209933
3124,0.176107
3125,0.167198
3126,0.195009
3127,0.245785
3128,0.218325
3129,0.257655
3130,0.237111
3131,0.196905
3132,0.196778
3133,0.202518
3134,0.226119
3135,0.187739
3136,0.191446
3137,0.166376
3138,0.225138
3139,0.228065
3140,0.203724
3141,0.198316
3142,0.188407
3143,0.223649
3144,0.187331
3145,0.246071
3146,0.204214
3147,0.180683
3148,0.203039
3149,0.161141
3150,0.231465
3151,0.220282
3152,0.166580
3153,0.164335
3154,0.204881
3155,0.180630
3156,0.199677
3157,0.225931
3158,0.219569
3159,0.195768
3160,0.218019
3161,0.211485
3162,0.206170
3163,0.213809
3164,0.215082
3165,0.214397
3166,0.190958
3167,0.217763
3168,0.177865
3169,0.160928
3170,0.161057
3171,0.198418
3172,0.176589
3173,0.205977
3174,0.218320
3175,0.213862
3176,0.205596
3177,0.214449
3178,0.168903
3179,0.190084
3180,0.230920
3181,0.169928
3182,0.150608
3183,0.210867
3184,0.219027
3185,0.201713
3186,0.191116
3187,0.197039
3188,0.192927
3189,0.176624
3190,0.206726
3191,0.236622
3192,0.195898
3193,0.215709
3194,0.172614
3195,0.169360
3196,0.221787
3197,0.204494
3198,0.201981
3199,0.164912
3200,0.217081
3201,0.185702
3202,0.200088
3203,0.205860
3204,0.234508
3205,0.260640
3206,0.185170
3207,0.211273
3208,0.171360
3209,0.199052
3210,0.216326
3211,0.221112
3212,0.205363
3213,0.213281
3214,0.196701
3215,0.263773
3216,0.173075
3217,0.156629
3218,0.185820
3219,0.202494
3220,0.287598
3221,0.240065
3222,0.202399
3223,0.198771
3224,0.165302
3225,0.214466
3226,0.176637
3227,0.211931
3228,0.228342
3229,0.230113
3230,0.234845
3231,0.193485
3232,0.190180
3233,0.190057
3234,0.238785
3235,0.230044
3236,0.163340
3237,0.148920
3238,0.190389
3239,0.190521
3240,0.245843
3241,0.210094
3242,0.157702
3243,0.210175
3244,0.233723
3245,0.273341
3246,0.246346
3247,0.215267
3248,0.176401
3249,0.223648
3250,0.184661
3251,0.171227
3252,0.206616
3253,0.222754
3254,0.189345
3255,0.200210
3256,0.201452
3257,0.184008
3258,0.193121
3259,0.180999
3260,0.188587
3261,0.204174
3262,0.209740
3263,0.174073
3264,0.213585
3265,0.184723
3266,0.204765
3267,0.196551
3268,0.178465
3269,0.175831
3270,0.192472
3271,0.202028
3272,0.179004
3273,0.165464
3274,0.204908
3275,0.170077
3276,0.237156
3277,0.172203
3278,0.181015
3279,0.250985
3280,0.248235
3281,0.192572
3282,0.202151
3283,0.179791
3284,0.219331
3285,0.193875
3286,0.208244
3287,0.226097
3288,0.202286
3289,0.221862
3290,0.204368
3291,0.166256
3292,0.215460
3293,0.228905
3294,0.182200
3295,0.184893
3296,0.236468
3297,0.184998
3298,0.208392
3299,0.206265
3300,0.220483
3301,0.194058
3302,0.203615
3303,0.190678
3304,0.226131
3305,0.161309
3306,0.251656
3307,0.152399
3308,0.213103
3309,0.225737
3310,0.221499
3311,0.244670
3312,0.196360
3313,0.261018
3314,0.175019
3315,0.199072
3316,0.218094
3317,0.236068
3318,0.221844
3319,0.181368
3320,0.176887
3321,0.208169
3322,0.219326
3323,0.244230
3324,0.194619
3325,0.182885
3326,0.196742
3327,0.190917
3328,0.230551
3329,0.247582
3330,0.242852
3331,0.221164
3332,0.193726
3333,0.205909
3334,0.188022
3335,0.224220
3336,0.171418
3337,0.240699
3338,0.234769
3339,0.176816
3340,0.252368
3341,0.180828
3342,0.225585
3343,0.219926
3344,0.237402
3345,0.230263
3346,0.178227
3347,0.212058
3348,0.243005
3349,0.201474
3350,0.185258
3351,0.188753
3352,0.191893
3353,0.216626
3354,0.222081
3355,0.176321
3356,0.229990
3357,0.184753
3358,0.176987
3359,0.186359
3360,0.196041
3361,0.229706
3362,0.170411
3363,0.236988
3364,0.190664
3365,0.196637
3366,0.194737
3367,0.171373
3368,0.210758
3369,0.195708
3370,0.256436
3371,0.193748
3372,0.202664
3373,0.188037
3374,0.182529
3375,0.199660
3376,0.205659
3377,0.204439
3378,0.210147
3379,0.217410
3380,0.195479
3381,0.227157
3382,0.215514
3383,0.251554
3384,0.208782
3385,0.234376
3386,0.212075
3387,0.190791
3388,0.189644
3389,0.250987
3390,0.218644
3391,0.193092
3392,0.194123
3393,0.171876
3394,0.163114
3395,0.177576
3396,0.193037
3397,0.231056
3398,0.229394
3399,0.230981
3400,0.245262
3401,0.190245
3402,0.198181
3403,0.192679
3404,0.173375
3405,0.206657
3406,0.200558
3407,0.279245
3408,0.220381
3409,0.224049
3410,0.215608
3411,0.190992
3412,0.232444
3413,0.187514
3414,0.196938
3415,0.203393
3416,0.216060
3417,0.230516
3418,0.253070
3419,0.273301
3420,0.200026
3421,0.170146
3422,0.207605
3423,0.235654
3424,0.183450
3425,0.187579
3426,0.258254
3427,0.180980
3428,0.224611
3429,0.223564
3430,0.167212
3431,0.257226
3432,0.173425
3433,0.199921
3434,0.195768
3435,0.169375
3436,0.159125
3437,0.187954
3438,0.226926
3439,0.209096
3440,0.180393
3441,0.208558
3442,0.228423
3443,0.191668
3444,0.210401
3445,0.176437
3446,0.224151
3447,0.234765
3448,0.184634
3449,0.244572
3450,0.205867
3451,0.207200
3452,0.191079
3453,0.267437
3454,0.196981
3455,0.206049
3456,0.184078
3457,0.182234
3458,0.164031
3459,0.222621
3460,0.199254
3461,0.199871
3462,0.190431
3463,0.170194
3464,0.195298
3465,0.187624
3466,0.180018
3467,0.184045
3468,0.186769
3469,0.235850
3470,0.227482
3471,0.199938
3472,0.226633
3473,0.222550
3474,0.191375
3475,0.191404
3476,0.216755
3477,0.201398
3478,0.197643
3479,0.149566
3480,0.212061
3481,0.190558
3482,0.187517
3483,0.181572
3484,0.226134
3485,0.221238
3486,0.198826
3487,0.215513
3488,0.226188
3489,0.218397
3490,0.174380
3491,0.207897
3492,0.223080
3493,0.179839
3494,0.193059
3495,0.177425
3496,0.186926
3497,0.183770
3498,0.196815
3499,0.208926
3500,0.185899
3501,0.171353
3502,0.183810
3503,0.227289
3504,0.190933
3505,0.203707
3506,0.193978
3507,0.165472
3508,0.218905
3509,0.205118
3510,0.238738
3511,0.197310
3512,0.193349
3513,0.193122
3514,0.186787
3515,0.239185
3516,0.192520
3517,0.204190
3518,0.231872
3519,0.214599
3520,0.201475
3521,0.243359
3522,0.207765
3523,0.216463
3524,0.204675
3525,0.191470
3526,0.215035
3527,0.172543
3528,0.177270
3529,0.178473
3530,0.171823
3531,0.220895
3532,0.214232
3533,0.254101
3534,0.184779
3535,0.234243
3536,0.187709
3537,0.256845
3538,0.231251
3539,0.257543
3540,0.212525
3541,0.210016
3542,0.213369
3543,0.236317
3544,0.188079
3545,0.201480
3546,0.209166
3547,0.192868
3548,0.184778
3549,0.192610
3550,0.170673
3551,0.201138
3552,0.202824
3553,0.244246
3554,0.216263
3555,0.167957
3556,0.175411
3557,0.213763
3558,0.223740
3559,0.212626
3560,0.172259
3561,0.208160
3562,0.178938
3563,0.182721
3564,0.190681
3565,0.213638
3566,0.232094
3567,0.193107
3568,0.183000
3569,0.236760
3570,0.172615
3571,0.194838
3572,0.180623
3573,0.166974
3574,0.189754
3575,0.240327
3576,0.206170
3577,0.185885
3578,0.211217
3579,0.162747
3580,0.195705
3581,0.196800
3582,0.205588
3583,0.169466
3584,0.199780
3585,0.180711
3586,0.200017
3587,0.237171
3588,0.191308
3589,0.274281
3590,0.188788
3591,0.238079
3592,0.191626
3593,0.221706
3594,0.180087
3595,0.245178
3596,0.224976
3597,0.260247
3598,0.211669
3599,0.157300
3600,0.183093
3601,0.223586
3602,0.215936
3603,0.230006
3604,0.195064
3605,0.188741
3606,0.188253
3607,0.251472
3608,0.178479
3609,0.204563
3610,0.223505
3611,0.202859
3612,0.209035
3613,0.201685
3614,0.193854
3615,0.199461
3616,0.229635
3617,0.220878
3618,0.226816
3619,0.175022
3620,0.211858
3621,0.223290
3622,0.231412
3623,0.172696
3624,0.196228
3625,0.216228
3626,0.214127
3627,0.200846
3628,0.214771
3629,0.221123
3630,0.186297
3631,0.255076
3632,0.207961
3633,0.236717
3634,0.219846
3635,0.178256
3636,0.161373
3637,0.167537
3638,0.149954
3639,0.194102
3640,0.171691
3641,0.170726
3642,0.215139
3643,0.165477
3644,0.214832
3645,0.187970
3646,0.173209
3647,0.196088
3648,0.243451
3649,0.195165
3650,0.230074
3651,0.200440
3652,0.146386
3653,0.234092
3654,0.199690
3655,0.208077
3656,0.226539
3657,0.224719
3658,0.232684
3659,0.214981
3660,0.213911
3661,0.240289
3662,0.212776
3663,0.220592
3664,0.169927
3665,0.214088
3666,0.233463
3667,0.214973
3668,0.166707
3669,0.162968
3670,0.211139
3671,0.199319
3672,0.173785
3673,0.186042
3674,0.192767
3675,0.206517
3676,0.166208
3677,0.186483
3678,0.198721
3679,0.173943
3680,0.200259
3681,0.213930
3682,0.246905
3683,0.225693
3684,0.168148
3685,0.199258
3686,0.203330
3687,0.217703
3688,0.208222
3689,0.226272
3690,0.188775
3691,0.253300
3692,0.175094
3693,0.218416
3694,0.206829
3695,0.186922
3696,0.191156
3697,0.231603
3698,0.167772
3699,0.217926
3700,0.205597
3701,0.191104
3702,0.200076
3703,0.177756
3704,0.148024
3705,0.192680
3706,0.221570
3707,0.209687
3708,0.205124
3709,0.241559
3710,0.185623
3711,0.236660
3712,0.171497
3713,0.192657
3714,0.200627
3715,0.185565
3716,0.208576
3717,0.217182
3718,0.223488
3719,0.233782
3720,0.210552
3721,0.207360
3722,0.196441
3723,0.214153
3724,0.213894
3725,0.190979
3726,0.238024
3727,0.246206
3728,0.179353
3729,0.216157
3730,0.261033
3731,0.159210
3732,0.176328
3733,0.222739
3734,0.234324
3735,0.202020
3736,0.226573
3737,0.250732
3738,0.163282
3739,0.194635
3740,0.228193
3741,0.210569
3742,0.225087
3743,0.184356
3744,0.178937
3745,0.233519
3746,0.241095
3747,0.216262
3748,0.171109
3749,0.219907
3750,0.241256
3751,0.186305
3752,0.190468
3753,0.179540
3754,0.207975
3755,0.203291
3756,0.239754
3757,0.228811
3758,0.231916
3759,0.206147
3760,0.160106
3761,0.226013
3762,0.188091
3763,0.201014
3764,0.165725
3765,0.213908
3766,0.230703
3767,0.195772
3768,0.206007
3769,0.198057
3770,0.229337
3771,0.252597
3772,0.209103
3773,0.200492
3774,0.184306
3775,0.177887
3776,0.177121
3777,0.166675
3778,0.189549
3779,0.198057
3780,0.266164
3781,0.178966
3782,0.242421
3783,0.223941
3784,0.166237
3785,0.159549
3786,0.215481
3787,0.182715
3788,0.239543
3789,0.205564
3790,0.193404
3791,0.243286
3792,0.208800
3793,0.221433
3794,0.187971
3795,0.202631
3796,0.203646
3797,0.210886
3798,0.187171
3799,0.187571
3800,0.205280
3801,0.209433
3802,0.221461
3803,0.221752
3804,0.197133
3805,0.212607
3806,0.172975
3807,0.214345
3808,0.218266
3809,0.243029
3810,0.206321
3811,0.196738
3812,0.258452
3813,0.203001
3814,0.214928
3815,0.210051
3816,0.217687
3817,0.207633
3818,0.240064
3819,0.257939
3820,0.185944
3821,0.174790
3822,0.218268
3823,0.202458
3824,0.170772
3825,0.254547
3826,0.193775
3827,0.212233
3828,0.195262
3829,0.216577
3830,0.233819
3831,0.196754
3832,0.210462
3833,0.189831
3834,0.159052
3835,0.182920
3836,0.212990
3837,0.168948
3838,0.174155
3839,0.221501
3840,0.189811
3841,0.199093
3842,0.218200
3843,0.195060
3844,0.196208
3845,0.161641
3846,0.231198
3847,0.192217
3848,0.172944
3849,0.214537
3850,0.230221
3851,0.212858
3852,0.188446
3853,0.183342
3854,0.258062
3855,0.216913
3856,0.182797
3857,0.223977
3858,0.200960
3859,0.225063
3860,0.198552
3861,0.219914
3862,0.237350
3863,0.221303
3864,0.213597
3865,0.187678
3866,0.242368
3867,0.245440
3868,0.209290
3869,0.193697
3870,0.159096
3871,0.237058
3872,0.202271
3873,0.214229
3874,0.262491
3875,0.200428
3876,0.211956
3877,0.201512
3878,0.201122
3879,0.210965
3880,0.210231
3881,0.200211
3882,0.172352
3883,0.188286
3884,0.215038
3885,0.236663
3886,0.229746
3887,0.206542
3888,0.191527
3889,0.218083
3890,0.192903
3891,0.211892
3892,0.215317
3893,0.257072
3894,0.191057
3895,0.228807
3896,0.197836
3897,0.201895
3898,0.211445
3899,0.198997
3900,0.156039
3901,0.204690
3902,0.214485
3903,0.227421
3904,0.218981
3905,0.215641
3906,0.197671
3907,0.197102
3908,0.196860
3909,0.199759
3910,0.206634
3911,0.207330
3912,0.198439
3913,0.196640
3914,0.207227
3915,0.214054
3916,0.224172
3917,0.197818
3918,0.162848
3919,0.207022
3920,0.191211
3921,0.223786
3922,0.206874
3923,0.193975
3924,0.229886
3925,0.193453
3926,0.232789
3927,0.244348
3928,0.172461
3929,0.188583
3930,0.201541
3931,0.184683
3932,0.187684
3933,0.178497
3934,0.214016
3935,0.203057
3936,0.218044
3937,0.222836
3938,0.218747
3939,0.243320
3940,0.180655
3941,0.197191
3942,0.174482
3943,0.183601
3944,0.188772
3945,0.204596
3946,0.223933
3947,0.202297
3948,0.244390
3949,0.167460
3950,0.284883
3951,0.178521
3952,0.217932
3953,0.194944
3954,0.215709
3955,0.229901
3956,0.217173
3957,0.268331
3958,0.253213
3959,0.257338
3960,0.238946
3961,0.203030
3962,0.192637
3963,0.186179
3964,0.192961
3965,0.245421
3966,0.232912
3967,0.169483
3968,0.189251
3969,0.239302
3970,0.157781
3971,0.201654
3972,0.250373
3973,0.149608
3974,0.259269
3975,0.209217
3976,0.205752
3977,0.186513
3978,0.214920
3979,0.184793
3980,0.185574
3981,0.156262
3982,0.182968
3983,0.235091
3984,0.238306
3985,0.195354
3986,0.242092
3987,0.217852
3988,0.256879
3989,0.200327
3990,0.196270
3991,0.214010
3992,0.244785
3993,0.169974
3994,0.237581
3995,0.178932
3996,0.230072
3997,0.199996
3998,0.189072
3999,0.226710
4000,0.196147
4001,0.218612
4002,0.219044
4003,0.168458
4004,0.237406
4005,0.168427
4006,0.175228
4007,0.195355
4008,0.174870
4009,0.167440
4010,0.228805
4011,0.175891
4012,0.178167
4013,0.192554
4014,0.233296
4015,0.170064
4016,0.184241
4017,0.191626
4018,0.185383
4019,0.174338
4020,0.204513
4021,0.227911
4022,0.202656
4023,0.228895
4024,0.159336
4025,0.198844
4026,0.219388
4027,0.180212
4028,0.198568
4029,0.237629
4030,0.231170
4031,0.206355
4032,0.257243
4033,0.172867
4034,0.232608
4035,0.226830
4036,0.223334
4037,0.166354
4038,0.224059
4039,0.199999
4040,0.177606
4041,0.164577
4042,0.173441
4043,0.185857
4044,0.160632
4045,0.201214
4046,0.178825
4047,0.268389
4048,0.239895
4049,0.176569
4050,0.169221
4051,0.192422
4052,0.255075
4053,0.188940
4054,0.200672
4055,0.214343
4056,0.248257
4057,0.190422
4058,0.207684
4059,0.197799
4060,0.186056
4061,0.180428
4062,0.154949
4063,0.220658
4064,0.244212
4065,0.174325
4066,0.195263
4067,0.162866
4068,0.220111
4069,0.224552
4070,0.186878
4071,0.229266
4072,0.178318
4073,0.172128
4074,0.238462
4075,0.225862
4076,0.196660
4077,0.213694
4078,0.222107
4079,0.178430
4080,0.184177
4081,0.201342
4082,0.197379
4083,0.177797
4084,0.213540
4085,0.191642
4086,0.252795
4087,0.217103
4088,0.167734
4089,0.212486
4090,0.173464
4091,0.203913
4092,0.215081
4093,0.182766
4094,0.222145
4095,0.227742
4096,0.218280
4097,0.206507
4098,0.216142
4099,0.208017
4100,0.207968
4101,0.217159
4102,0.181412
4103,0.201361
4104,0.256422
4105,0.183241
4106,0.198718
4107,0.242023
4108,0.199145
4109,0.207359
4110,0.250205
4111,0.198097
4112,0.188547
4113,0.229717
4114,0.187776
4115,0.202813
4116,0.197825
4117,0.249962
4118,0.164611
4119,0.213772
4120,0.186011
4121,0.217549
4122,0.243208
4123,0.246337
4124,0.212206
4125,0.211470
4126,0.230342
4127,0.208442
4128,0.201238
4129,0.168902
4130,0.212680
4131,0.191447
4132,0.188966
4133,0.183046
4134,0.203533
4135,0.236731
4136,0.229992
4137,0.265187
4138,0.234238
4139,0.184844
4140,0.181384
4141,0.188970
4142,0.182454
4143,0.204884
4144,0.214208
4145,0.183995
4146,0.191799
4147,0.224290
4148,0.199015
4149,0.247040
4150,0.170617
4151,0.216739
4152,0.180304
4153,0.206864
4154,0.198325
4155,0.214316
4156,0.223280
4157,0.227517
4158,0.172263
4159,0.177792
4160,0.195606
4161,0.182617
4162,0.186512
4163,0.201702
4164,0.208422
4165,0.186321
4166,0.206451
4167,0.158597
4168,0.212340
4169,0.173461
4170,0.191182
4171,0.201280
4172,0.190783
4173,0.200543
4174,0.160003
4175,0.201967
4176,0.230028
4177,0.244073
4178,0.239211
4179,0.163972
4180,0.224330
4181,0.157922
4182,0.242065
4183,0.244319
4184,0.243386
4185,0.181239
4186,0.243328
4187,0.202000
4188,0.194655
4189,0.215705
4190,0.226603
4191,0.215093
4192,0.278106
4193,0.215632
4194,0.167712
4195,0.175002
4196,0.193126
4197,0.221248
4198,0.203632
4199,0.198439
4200,0.225722
4201,0.201531
4202,0.280073
4203,0.212745
4204,0.182068
4205,0.201618
4206,0.183110
4207,0.193621
4208,0.224116
4209,0.219883
4210,0.227236
4211,0.172529
4212,0.179668
4213,0.204325
4214,0.246732
4215,0.184990
4216,0.186701
4217,0.194704
4218,0.228277
4219,0.207194
4220,0.237900
4221,0.206683
4222,0.181143
4223,0.215008
4224,0.208301
4225,0.174744
4226,0.159012
4227,0.188115
4228,0.223154
4229,0.217656
4230,0.165178
4231,0.184854
4232,0.201872
4233,0.196247
4234,0.205195
4235,0.227169
4236,0.182906
4237,0.237741
4238,0.192141
4239,0.218796
4240,0.201246
4241,0.191245
4242,0.210580
4243,0.165914
4244,0.183475
4245,0.225181
4246,0.198792
4247,0.215356
4248,0.195324
4249,0.223590
4250,0.178480
4251,0.202614
4252,0.201135
4253,0.216315
4254,0.212823
4255,0.206493
4256,0.243368
4257,0.163947
4258,0.195072
4259,0.274434
4260,0.194800
4261,0.213273
4262,0.213719
4263,0.210496
4264,0.225519
4265,0.204789
4266,0.194385
4267,0.215937
4268,0.224830
4269,0.194203
4270,0.239992
4271,0.232374
4272,0.185057
4273,0.182590
4274,0.180598
4275,0.198775
4276,0.196098
4277,0.213269
4278,0.230491
4279,0.236647
4280,0.226921
4281,0.176895
4282,0.152682
4283,0.206153
4284,0.196697
4285,0.198503
4286,0.227101
4287,0.206395
4288,0.208195
4289,0.219131
4290,0.205268
4291,0.226046
4292,0.202064
4293,0.176842
4294,0.226218
4295,0.201724
4296,0.245162
4297,0.230588
4298,0.191911
4299,0.229254
4300,0.191656
4301,0.182544
4302,0.221454
4303,0.234527
4304,0.214818
4305,0.192361
4306,0.184897
4307,0.203286
4308,0.166439
4309,0.230096
4310,0.237755
4311,0.183628
4312,0.202640
4313,0.252105
4314,0.231205
4315,0.187913
4316,0.212436
4317,0.200144
4318,0.164497
4319,0.191791
4320,0.230113
4321,0.196471
4322,0.220481
4323,0.204961
4324,0.221747
4325,0.235030
4326,0.174199
4327,0.198692
4328,0.204519
4329,0.225495
4330,0.176664
4331,0.207556
4332,0.213919
4333,0.231812
4334,0.206855
4335,0.211291
4336,0.177354
4337,0.192835
4338,0.173619
4339,0.185985
4340,0.219353
4341,0.208495
4342,0.215769
4343,0.201735
4344,0.220271
4345,0.260058
4346,0.217474
4347,0.240252
4348,0.169092
4349,0.266862
4350,0.184542
4351,0.211538
4352,0.202706
4353,0.190069
4354,0.217478
4355,0.164698
4356,0.225804
4357,0.189800
4358,0.221006
4359,0.185200
4360,0.222073
4361,0.245737
4362,0.180786
4363,0.268000
4364,0.205626
4365,0.206211
4366,0.168157
4367,0.202413
4368,0.193220
4369,0.241477
4370,0.219821
4371,0.214860
4372,0.208258
4373,0.206516
4374,0.162591
4375,0.195710
4376,0.209189
4377,0.209876
4378,0.223876
4379,0.195166
4380,0.181149
4381,0.167004
4382,0.212412
4383,0.190964
4384,0.206570
4385,0.168165
4386,0.222803
4387,0.181825
4388,0.201570
4389,0.173119
4390,0.153162
4391,0.233401
4392,0.198911
4393,0.201701
4394,0.179242
4395,0.198620
4396,0.182331
4397,0.220788
4398,0.224185
4399,0.171052
4400,0.199815
4401,0.195802
4402,0.180413
4403,0.195316
4404,0.215034
4405,0.206433
4406,0.230069
4407,0.231812
4408,0.196295
4409,0.205318
4410,0.208079
4411,0.190422
4412,0.169356
4413,0.167507
4414,0.186960
4415,0.189824
4416,0.221986
4417,0.190764
4418,0.219085
4419,0.218726
4420,0.208219
4421,0.195144
4422,0.178740
4423,0.163200
4424,0.220599
4425,0.183051
4426,0.211329
4427,0.182581
4428,0.171811
4429,0.179330
4430,0.233185
4431,0.234374
4432,0.201976
4433,0.213450
4434,0.179520
4435,0.201423
4436,0.221055
4437,0.209153
4438,0.188306
4439,0.233648
4440,0.185611
4441,0.146163
4442,0.221594
4443,0.170179
4444,0.161862
4445,0.223504
4446,0.222917
4447,0.182510
4448,0.223626
4449,0.189761
4450,0.285585
4451,0.254114
4452,0.243256
4453,0.171721
4454,0.199170
4455,0.208739
4456,0.196534
4457,0.173069
4458,0.234540
4459,0.196861
4460,0.158649
4461,0.177983
4462,0.215585
4463,0.180263
4464,0.227264
4465,0.236606
4466,0.212001
4467,0.224414
4468,0.215813
4469,0.227668
4470,0.185571
4471,0.178935
4472,0.159658
4473,0.217586
4474,0.177705
4475,0.230390
4476,0.239776
4477,0.264063
4478,0.243772
4479,0.184549
4480,0.209092
4481,0.201014
4482,0.232753
4483,0.162550
4484,0.196389
4485,0.207824
4486,0.214283
4487,0.192440
4488,0.193836
4489,0.247459
4490,0.193254
4491,0.218257
4492,0.172790
4493,0.236870
4494,0.222777
4495,0.208293
4496,0.227854
4497,0.179393
4498,0.196602
4499,0.187404
4500,0.234455
4501,0.184325
4502,0.177265
4503,0.215187
4504,0.198809
4505,0.165901
4506,0.228006
4507,0.215398
4508,0.185603
4509,0.208910
4510,0.204531
4511,0.219251
4512,0.212245
4513,0.187182
4514,0.222777
4515,0.198610
4516,0.218836
4517,0.208110
4518,0.174357
4519,0.164575
4520,0.197521
4521,0.199075
4522,0.236713
4523,0.203534
4524,0.240991
4525,0.252907
4526,0.193123
4527,0.219063
4528,0.210165
4529,0.180462
4530,0.197240
4531,0.181339
4532,0.179850
4533,0.205094
4534,0.200628
4535,0.214449
4536,0.194942
4537,0.189244
4538,0.198982
4539,0.214812
4540,0.222785
4541,0.213354
4542,0.189523
4543,0.227136
4544,0.186811
4545,0.194590
4546,0.184676
4547,0.198659
4548,0.192300
4549,0.187352
4550,0.195283
4551,0.273421
4552,0.235970
4553,0.231300
4554,0.193872
4555,0.152344
4556,0.214569
4557,0.224478
4558,0.277548
4559,0.210488
4560,0.191098
4561,0.177879
4562,0.244509
4563,0.171694
4564,0.216569
4565,0.251420
4566,0.162168
4567,0.199547
4568,0.199186
4569,0.238101
4570,0.238889
4571,0.177220
4572,0.220101
4573,0.216334
4574,0.210536
4575,0.195612
4576,0.235308
4577,0.240778
4578,0.196189
4579,0.178789
4580,0.210807
4581,0.216114
4582,0.173939
4583,0.199414
4584,0.263323
4585,0.258456
4586,0.191432
4587,0.173373
4588,0.202810
4589,0.180617
4590,0.207311
4591,0.168469
4592,0.214595
4593,0.183467
4594,0.232812
4595,0.247976
4596,0.172980
4597,0.199077
4598,0.212734
4599,0.186442
4600,0.175428
4601,0.218997
4602,0.210292
4603,0.295634
4604,0.183789
4605,0.216567
4606,0.252767
4607,0.163661
4608,0.203366
4609,0.221242
4610,0.174975
4611,0.215496
4612,0.214365
4613,0.236230
4614,0.197797
4615,0.152281
4616,0.196633
4617,0.228114
4618,0.232671
4619,0.178308
4620,0.239454
4621,0.176936
4622,0.223409
4623,0.212368
4624,0.203105
4625,0.204017
4626,0.187192
4627,0.217563
4628,0.167922
4629,0.225443
4630,0.235850
4631,0.296357
4632,0.227393
4633,0.196623
4634,0.228685
4635,0.211251
4636,0.166208
4637,0.156469
4638,0.169275
4639,0.213027
4640,0.201515
4641,0.188882
4642,0.250690
4643,0.203424
4644,0.263976
4645,0.217588
4646,0.178689
4647,0.211701
4648,0.243573
4649,0.223850
4650,0.233522
4651,0.198606
4652,0.220860
4653,0.197694
4654,0.232882
4655,0.189002
4656,0.221659
4657,0.214082
4658,0.201456
4659,0.217568
4660,0.232282
4661,0.212583
4662,0.205481
4663,0.164313
4664,0.214439
4665,0.207584
4666,0.202045
4667,0.254113
4668,0.207514
4669,0.228897
4670,0.247990
4671,0.241155
4672,0.184007
4673,0.206161
4674,0.206398
4675,0.207907
4676,0.198792
4677,0.194778
4678,0.180798
4679,0.264799
4680,0.234278
4681,0.196279
4682,0.248547
4683,0.186753
4684,0.167993
4685,0.273679
4686,0.193995
4687,0.196348
4688,0.246699
4689,0.244695
4690,0.246301
4691,0.238452
4692,0.288202
4693,0.184874
4694,0.195439
4695,0.234806
4696,0.189129
4697,0.234007
4698,0.260749
4699,0.235577
4700,0.205483
4701,0.212647
4702,0.153597
4703,0.230848
4704,0.207564
4705,0.218921
4706,0.201403
4707,0.202398
4708,0.189203
4709,0.223697
4710,0.237329
4711,0.216532
4712,0.181620
4713,0.176913
4714,0.200762
4715,0.257717
4716,0.179177
4717,0.177176
4718,0.227771
4719,0.195427
4720,0.177801
4721,0.210002
4722,0.172756
4723,0.192164
4724,0.193255
4725,0.180872
4726,0.234176
4727,0.152370
4728,0.233605
4729,0.157218
4730,0.226044
4731,0.164290
4732,0.155881
4733,0.212933
4734,0.236399
4735,0.209762
4736,0.173542
4737,0.244222
4738,0.206722
4739,0.162851
4740,0.207846
4741,0.199339
4742,0.207165
4743,0.227449
4744,0.200600
4745,0.230526
4746,0.182283
4747,0.221766
4748,0.274831
4749,0.201141
4750,0.227381
4751,0.217033
4752,0.222165
4753,0.214454
4754,0.194964
4755,0.232883
4756,0.215434
4757,0.193771
4758,0.287341
4759,0.215610
4760,0.214723
4761,0.190960
4762,0.248745
4763,0.230190
4764,0.232976
4765,0.246186
4766,0.206146
4767,0.220122
4768,0.200432
4769,0.186460
4770,0.189731
4771,0.216438
4772,0.159937
4773,0.214259
4774,0.167879
4775,0.213358
4776,0.229084
4777,0.189843
4778,0.219385
4779,0.163939
4780,0.208815
4781,0.235350
4782,0.194563
4783,0.161306
4784,0.163048
4785,0.182414
4786,0.164555
4787,0.197979
4788,0.184886
4789,0.267469
4790,0.236074
4791,0.180796
4792,0.180395
4793,0.181867
4794,0.243292
4795,0.183784
4796,0.223552
4797,0.216142
4798,0.158464
4799,0.184348
4800,0.228772
4801,0.246638
4802,0.196712
4803,0.254919
4804,0.181359
4805,0.198998
4806,0.215200
4807,0.203249
4808,0.233013
4809,0.185753
4810,0.224945
4811,0.201696
4812,0.212369
4813,0.208011
4814,0.278051
4815,0.202758
4816,0.177309
4817,0.195671
4818,0.186698
4819,0.202125
4820,0.190103
4821,0.211503
4822,0.213101
4823,0.231857
4824,0.187807
4825,0.256985
4826,0.173796
4827,0.221316
4828,0.194333
4829,0.209146
4830,0.222615
4831,0.221897
4832,0.199484
4833,0.187841
4834,0.247810
4835,0.211741
4836,0.176450
4837,0.223939
4838,0.287459
4839,0.211486
4840,0.199753
4841,0.254093
4842,0.234923
4843,0.174293
4844,0.214868
4845,0.203408
4846,0.177939
4847,0.204627
4848,0.195391
4849,0.194520
4850,0.200086
4851,0.209227
4852,0.222294
4853,0.159574
4854,0.211232
4855,0.168596
4856,0.181897
4857,0.234659
4858,0.225008
4859,0.236581
4860,0.186165
4861,0.207020
4862,0.193464
4863,0.191691
4864,0.188348
4865,0.178658
4866,0.197710
4867,0.252284
4868,0.192374
4869,0.161139
4870,0.212328
4871,0.223131
4872,0.228504
4873,0.220525
4874,0.186200
4875,0.196408
4876,0.244762
4877,0.176184
4878,0.180284
4879,0.228499
4880,0.215018
4881,0.168249
4882,0.224819
4883,0.235070
4884,0.205822
4885,0.172763
4886,0.217594
4887,0.207021
4888,0.181478
4889,0.203426
4890,0.171132
4891,0.211162
4892,0.219370
4893,0.181284
4894,0.202561
4895,0.159346
4896,0.211427
4897,0.201424
4898,0.229792
4899,0.160691
4900,0.256015
4901,0.247949
4902,0.217303
4903,0.270240
4904,0.157797
4905,0.175403
4906,0.230104
4907,0.188899
4908,0.178300
4909,0.175986
4910,0.179553
4911,0.176899
4912,0.209984
4913,0.225462
4914,0.179547
4915,0.237626
4916,0.221040
4917,0.167496
4918,0.215064
4919,0.197050
4920,0.212584
4921,0.235657
4922,0.212279
4923,0.183899
4924,0.192983
4925,0.184471
4926,0.175487
4927,0.211540
4928,0.204092
4929,0.185326
4930,0.194892
4931,0.208411
4932,0.170195
4933,0.204418
4934,0.217363
4935,0.195484
4936,0.218520
4937,0.207364
4938,0.228936
4939,0.212187
4940,0.228555
4941,0.239903
4942,0.173627
4943,0.209046
4944,0.185125
4945,0.246294
4946,0.194706
4947,0.239789
4948,0.193885
4949,0.216763
4950,0.163722
4951,0.242016
4952,0.196975
4953,0.219851
4954,0.213525
4955,0.218913
4956,0.231376
4957,0.214954
4958,0.179295
4959,0.224139
4960,0.187986
4961,0.175644
4962,0.187787
4963,0.219201
4964,0.207916
4965,0.233551
4966,0.262955
4967,0.239527
4968,0.200387
4969,0.196728
4970,0.264301
4971,0.173356
4972,0.156120
4973,0.178250
4974,0.181702
4975,0.180402
4976,0.251186
4977,0.228903
4978,0.237733
4979,0.201732
4980,0.241040
4981,0.218632
4982,0.206802
4983,0.173262
4984,0.202349
4985,0.224164
4986,0.240801
4987,0.213726
4988,0.194823
4989,0.199319
4990,0.172789
4991,0.214237
4992,0.157114
4993,0.238517
4994,0.185761
4995,0.175641
4996,0.219723
4997,0.203881
4998,0.154901
4999,0.192580
5000,0.211794
